BMI,GDP_per_capita,Schooling,Life_expectancy
27.8,11006,7.8,76.5
26,25742,9.7,82.8
21.2,1076,5,65.4
25.3,4146,7.9,67
27,33995,12.8,81.7
26.4,9110,7.9,78.2
26.2,9313,12,71.2
25.9,8971,10.2,71.2
27.9,3708,9.6,71.9
26.5,2235,10.9,68.7
26.1,9057,7.3,74.2
27.1,19338,9.9,79.8
27.6,32027,11,72.3
25.8,1660,10.5,68.3
25,79368,12.3,81.5
25.7,68489,12.1,78.8
26,43045,12.3,81
23.5,1166,3.5,60.7
22.6,33099,11.2,81.9
24.9,7181,7.8,62.9
23.7,1580,6.8,61.4
22.3,1847,7.7,68.8
22.3,2072,5.7,53.8
21.1,464,6.1,63.8
25.8,13283,12,71.9
28.7,4667,10.5,73.5
25.8,7838,11.7,66.2
24.3,1383,6.1,57.6
28.3,4516,9.8,72.8
23.6,941,7.2,48.4
22.8,1489,2.3,65.3
25.1,82027,13.3,82.2
26.6,5827,9,53.8
28.7,4387,9.9,73.7
20.6,699,3.9,63.2
26.3,37761,13.8,80
28.3,20328,9.5,74.5
29.1,1488,7.2,64.2
26.3,13664,8.4,72.7
21.1,465,6.1,64.3
23.6,54683,11.4,82.5
22.9,456,4.3,56.2
25.3,50457,12.7,78.6
23.9,661,3.4,60.9
27.2,11355,8.6,79.4
28.4,4768,10.5,72.1
25.8,48370,12.3,81.5
25.5,44245,12.1,81.5
26.1,994,10.7,70
26.7,8067,8.5,72.6
26.4,33437,8.8,74.7
27,22839,10.1,80.2
26.4,72427,12.7,81
26.3,10575,8,76
26.2,11960,9.9,75.8
25.8,8280,10.6,72.6
22.5,550,3.7,48
25.5,4178,7.9,76.1
23.4,2311,2.8,65.8
26,2884,11.1,73.1
23.4,1212,6.8,43.1
25.8,6075,7.8,71.1
22.6,1287,6,57.5
28.9,3035,5.5,65.1
25.5,14400,9.1,74.8
21.4,643,3,66.3
26.2,9766,11.8,71.3
25.6,2519,6.5,68
21.7,148,2.2,55.8
29.1,33167,7,74.6
22.9,1357,6.2,61.9
26,35034,12.9,78.7
27.5,13568,9.8,75.9
26.3,9894,9.2,76.4
26.3,18445,9.5,76.9
25,36379,11.4,82.7
25.4,4185,7.2,76.2
23.9,1234,3.1,60.9
22.7,265,2.1,53.3
26.5,5153,10.7,71.2
24.1,8535,3.9,74.6
26.1,3313,11.3,73.8
23.5,1348,6.7,60.6
22.5,237,2.1,52.7
25.1,84348,13.4,83.2
26.6,11192,9.1,74.5
23,586,2.6,54.6
24.9,1939,4.6,67.4
20.7,351,3.3,50
23.8,4147,6.2,56.7
25.9,6857,11.4,65.5
22.5,31830,11,81.8
24.1,1307,3.3,61.2
26.1,3175,5.3,43.3
23,2464,5.5,51.3
27.3,56815,8.6,74.8
21,296,2.3,53.4
24.7,662,10.5,66.8
24.8,1790,4.3,70.7
25.5,4992,7.3,75
23.3,733,2.7,59.3
21.3,467,6.1,65.5
25.7,43764,9.8,81
24.8,1905,3.6,69.8
23.5,1246,4.8,65.6
25.7,2455,7.9,67.5
21.2,760,3.6,63.9
24.6,7531,8.2,73.7
25.5,6846,10.3,72.2
25.7,5410,7.2,71.6
26.6,74356,12.5,82.3
25.6,33258,9.2,80.8
21.7,2582,8,75.1
25.8,3045,9.2,75.6
26.1,19654,8.9,76.4
26.5,12735,10.9,75.2
31.4,3952,9.1,69.8
22.1,2080,5.6,52.5
26.1,20613,12.1,79.4
23.8,7867,6.3,58
22.4,1341,6.9,60.8
26.8,3680,6.5,55.4
22,506,4,53.5
26.3,6547,7.8,73
27.8,2652,4.9,68.8
25.4,2565,4.3,63.2
26.3,41623,10.8,76.5
23.3,2235,2.3,68.4
22.9,1188,3,59.5
27.8,13367,10.1,79.5
27.4,1550,6.2,74.4
21.5,855,3.7,66
25.5,4162,10,72.7
25.6,36393,10.3,78.1
27.8,4830,10.3,69.7
25.8,7678,8,77.5
25.6,7450,10.5,72.6
25.1,6501,10.6,78.2
26.5,2256,6.2,74.3
26.7,18076,10.5,71.2
23.9,4860,8.1,51.2
26,6465,7.9,71.3
25.1,2083,7.1,64.2
25.1,3725,6.5,71
27.8,31689,11.1,72.8
26.2,8395,7.9,78
26.9,16860,8.2,78.8
21.7,294,3,45.1
25.9,44074,12,79.2
25.8,5798,10.8,74.3
28.1,2759,5.4,69.3
28,32535,9.9,76.3
25.9,50732,10.2,81.2
25.4,9179,10.1,75.1
25.3,13171,9,74.4
21.7,477,3,44.1
21,1287,4.5,68
25.8,5206,10.4,74.3
26,9357,10.3,72.2
24.5,7275,7.6,73.6
24.3,6403,9.2,67.3
21.3,676,1.5,48.5
21.9,271,3.2,45.5
22.6,627,3.2,51
22.1,688,1.7,52.1
20.8,856,4.7,68.6
26.6,13786,12.8,74.5
21.9,2031,4.4,47.7
25.9,5083,7.8,74.1
21.8,918,6.3,48.5
24.9,742,10,68.2
23.3,1697,6.5,44.6
22.6,2797,6.7,72.4
22.4,902,4.7,69.5
21.2,598,1.4,48.3
23.2,565,3.5,63
24.6,4222,9.7,76.9
23.1,920,5.6,62.3
26.9,6084,8.3,75.7
23.9,1452,4,60.7
25.6,17803,11.5,76.9
25.8,7578,7.7,73.1
21.9,497,6.4,59.3
24.7,4269,9.5,77.1
25,8955,5.7,77
23,1583,3.6,49.8
22.4,1499,5.2,46.5
26.5,1709,5.8,71.9
26,8195,7.9,73.1
27.7,3627,6.1,68.1
21.8,682,3.8,62.3
26.2,9169,9.2,76.2
25,20774,8.6,76.2
23.6,781,3.3,57.1
22.6,32515,11.1,82
23.3,3647,5.9,50.6
23.4,1983,3.7,69.1
21.4,573,4.3,49.4
25.9,8438,11.6,66.3
29.1,10531,8.4,75.1
23.3,1974,3.5,68.6
26.2,38278,13.7,79.7
26.6,5967,12.2,73.6
26.1,2121,5.4,73.3
22.5,1134,2.4,60.6
23.8,1249,5.2,53.7
22.9,2611,9.1,70.1
24.4,8222,4.7,75.5
26.4,1616,5.6,71.4
24.6,1784,8.4,64.2
27.1,4284,5.2,69
24.7,1343,4.8,60.9
27,15168,8.5,77.1
26.1,4327,10.2,69.8
22.7,1040,3.8,63.3
23.4,34891,8.9,78
23.2,3128,5,59.4
25.9,2078,10.6,68.2
26.1,2195,5.3,71.9
26.5,2125,11.3,71.2
22.5,1130,2.4,61.4
23.5,2479,2.5,69.3
26.6,5195,10.7,71.5
25.4,3808,9.9,72.4
21.5,424,1.4,56.6
24.6,1297,4.7,60.5
25.8,12396,10.9,74.2
27.3,35697,10.9,72
25.9,42531,12,78.8
25.1,50792,12.8,77.5
25.9,3955,6.7,75
23.5,4827,7.1,72.9
25,35131,10.8,81.4
31.8,3961,10.3,72.4
21.2,616,2.8,65.3
26.7,12695,9.7,77.4
27.2,46221,10.9,80.7
22.4,2404,1.3,61.2
26.2,37842,13.7,79.5
25.2,783,10.9,68.7
26.3,1573,5.5,71.2
27.3,11643,8.8,79.6
21.1,421,1.4,47.9
27.7,6670,7.3,72
26,71655,12.7,79.8
25.1,36246,10.9,82.1
25.7,2141,5,72.5
27.6,3620,5.9,68.2
28.4,10528,7.8,74.6
25.9,4350,7,72.5
25.7,46043,12.2,81.4
25.4,4260,10,71.9
25.6,18568,12,77.2
26.1,6169,11.1,76
20.9,482,5.7,61.7
23.7,1249,7.3,52.9
26.2,7810,10.8,74.4
22.9,1141,2.8,65.9
25.3,42202,11.6,79.3
25,5225,9.6,71
25.8,14631,12.1,72.6
23,776,3.5,51.7
20.4,518,2.4,63.3
26.2,33981,8.7,74.5
22.9,1001,2.8,58.7
26.4,39977,13.9,80.4
26.4,12410,12.6,73.8
21.1,364,4.3,53.7
27.2,35808,13,82.1
25.6,10714,7.6,71.1
22.8,2536,1.9,63.5
28,38631,12.4,81.5
23.1,1183,3,59.7
27.8,36521,12.1,81.2
26.6,11871,10.6,76.2
27,7195,5.9,72
21.9,754,3.3,68
25.6,1615,10.6,67.1
24.8,33597,9.8,79.1
26.5,40851,14,81.1
25.9,10510,9.8,74.6
25.4,837,10.2,67.7
25.8,2776,6.5,68.5
32.1,4276,11.1,70.4
25.9,49049,12.2,82
23.8,1252,3,60.8
26.7,1679,6,72.4
22.7,765,5,56.8
26.1,13186,12.3,71
22.4,2080,5.8,54.7
25.9,11562,7.8,72.2
21.5,512,3.1,58.9
24.8,2913,7.1,74.6
25.7,31615,9.6,81.6
24.6,1486,5.2,68.7
21.4,1244,5.4,66.7
22.4,550,2.3,51.5
26.2,3732,4.6,72.2
26.6,26394,10.9,78.8
26.3,36190,13.8,79.8
21.9,776,2.3,53.1
26.5,11433,8.2,73.1
27.3,46339,11.8,80.9
26.2,2167,5.4,72.2
26.3,8943,9.2,73.9
26.2,26763,9,80.8
24.8,7086,7.7,62.2
26.4,6307,11.3,76.4
25.9,5525,10.4,75.2
25.7,18585,8.6,80.7
22.1,174,2.1,50.9
22.9,686,2.5,58.3
21.6,464,1.6,58.8
21.3,825,3.7,64.7
29.3,1497,7.4,64.7
22.9,8745,5.4,54.1
26.9,31323,12.6,81.4
28.4,29591,6.1,73.3
25.9,6313,7.8,71.2
21.6,794,6,44.6
26.5,7098,8.2,71.7
26.2,6187,7.6,72.8
27.5,4890,9.6,74
25.6,5260,8.6,73
20.4,762,3.7,58.7
22.2,1586,4.6,64.3
25.1,41087,11,78.2
21.2,1024,5.1,70.3
26.9,8581,7,74.9
25,3923,6.2,70.2
28.6,4688,6.6,69.9
26.9,7295,7.8,77.6
23.1,1217,4.4,64.2
23.4,603,2.9,57
23.2,4263,6.8,71.7
26,3606,4.9,71.5
25.5,900,10.3,67.9
25.5,44550,11.8,80.9
22.8,701,2.2,56.6
25.3,22344,8.4,75.3
26.1,9124,11.6,69.7
22.6,562,2.3,52.3
25.3,3057,9.9,65.4
28.6,10099,7.9,74.7
26.4,6048,12,72
25.8,19951,7.7,78.3
25.4,2837,6.5,67.4
29.4,3076,7.7,66.8
23.2,1247,4.4,64.4
22.1,289,3.4,47.8
21.8,1968,7,66.3
23,569,3.5,62.5
27.5,48746,12.7,76.6
25.7,2553,6.5,68.2
24.1,1282,4.5,65.3
22.2,1244,6.7,57.1
24.9,1991,3.8,61.4
25,4249,6.5,69.7
23.6,14099,5.5,55.9
26,5178,8.4,74.4
21.5,381,3.3,60.7
21.7,433,5.8,57.9
27.2,12760,6.4,71.9
22.3,2514,7.1,68.5
22.4,476,2.8,45.5
26.2,25655,8.6,79.9
25.7,1619,10.8,72.1
26.7,11167,11.7,73.9
22.5,2172,5.8,55.6
23.3,2722,2.6,65.5
27,18189,10.7,71.9
25.6,2676,9.1,75.2
27.2,35711,12.9,82.2
24.8,3962,6.5,72.9
25,1810,4.5,71.2
22.1,429,3,50.9
21.6,470,2.9,44.1
25.7,6046,11.2,65.7
29.8,1453,7.9,66.7
20.3,453,2.3,61.6
27.1,43621,12.6,81
27.9,4809,10.3,70
28.5,34322,6.1,73.4
20.9,413,1.1,50.6
28.4,29186,6.2,73.2
26.8,6810,8.5,71.9
25.4,2534,4.2,74.4
26.9,22118,9.6,79
27.2,46001,11.3,80.8
22.8,981,2.8,58.3
25.6,94244,10.5,77.8
21.5,572,1.2,48.1
24,4588,6.6,60.5
27.1,15609,8.6,77.2
23.8,1267,3.9,59.6
26.5,14260,9.1,73.1
27.7,10550,7.6,76.2
22.6,3177,10.8,75.6
27.5,8569,8.2,75.1
25.4,7318,11,78.5
24.9,34190,10.2,79.1
22.1,818,5.3,59
26.3,3206,5.6,45.3
24.5,1685,8.4,63.8
22.5,1764,5.2,47.2
25.7,1754,10.6,67.4
24.2,1379,3.4,61.3
27.1,34961,12.8,82.1
27.5,1579,6.3,73.6
26.2,3511,11.5,74.3
23.7,14614,5.5,56.3
26.1,5250,9.8,67.2
26.1,9507,11.5,68.7
24.8,1277,9.1,67.2
23.1,3211,5.8,50.9
26.7,2302,6.3,74.5
26.9,11557,12,74.9
26.7,11749,10.8,76.5
23.2,13283,5.4,54.6
24.4,7092,7,58.6
25.7,10717,10.6,74
24.3,804,5.2,43.1
21.2,527,4,47.2
27.9,7723,7.3,72
25.7,1561,10.4,67.8
28.9,10619,8.4,75
22.9,769,2.6,59.6
25.6,47865,12.4,80.7
24.7,1554,5.3,69.1
26.1,10859,12.2,76.2
28,3923,9.7,72.3
25.4,32351,8.6,79.8
30.7,3433,9.1,69.5
27.7,13272,9.9,79.3
27.7,18220,7.5,73.2
24.2,6728,8,73.2
25.9,3139,9.1,68.6
26,53821,10.4,81.6
25.7,34081,9.4,81.4
25.2,4256,6.8,70.2
26.8,40368,12.5,81
26.2,10146,9.1,73.8
25.1,2211,4.1,62.3
26,51545,12.4,82.2
23.5,46180,10.2,80.4
22.1,467,3.3,45.2
25.4,4683,6.9,71.6
27,23369,9.9,79.4
25,3502,7.4,75.2
26.1,35310,13.3,78.9
26.4,9840,9.3,76.6
23,3332,7.9,70.8
27.1,45932,12.2,80.7
27.5,4353,10.1,69
23,11559,5.4,54.3
22.7,2272,6,59.3
23.6,1218,5.1,52.8
25.3,42496,10.1,79.9
21.4,392,5,55.7
26.3,9673,8.1,71
26.5,23929,10.4,78.4
26.3,22382,10,78
22.5,399,3,59.9
25.4,9960,11.7,70.4
25.9,3093,11,72.8
26.7,35794,10.9,71.9
25.1,39815,9.6,78.6
21.2,2123,7.6,74.9
26.3,72823,12.7,80.8
29.7,1366,7.9,66.1
24.5,1431,5,67.9
25.9,8555,11.5,67.1
22.6,569,3.4,56.1
26.4,6922,7.8,73.2
21.8,454,6,58.4
23.5,768,3.2,57
25.9,22297,11.9,78.8
23.3,1052,3.2,60.1
27.1,12237,11.8,75.8
25.8,20280,11.8,78.1
26.1,1472,5.3,70.6
27.8,31408,11.1,72.6
23.7,1296,3,60.7
25,3195,3.7,67.8
23.2,5647,7.3,74.4
23.7,1230,5.2,53.2
26.3,12425,12.2,71.8
27.9,9617,8.6,74.9
23.6,2106,4,69.9
27.5,3493,5.8,68.3
25.9,8559,7.8,73.1
25.1,4099,6.5,73.8
23.6,1081,4.3,62
25.5,8915,10.3,73.1
24,5295,8.4,53.4
27,17830,12.7,78.6
25.3,52405,12.8,80.7
25,7818,8.2,73
23.5,1077,3.5,60.6
23.8,654,3.3,60.7
25,3851,6.9,74.6
25.6,7878,11.5,74.6
21.6,328,2.8,59.7
20.5,733,4.5,67.3
26.6,15905,9.1,77.5
26.1,24708,8.5,79.4
26,2131,10.7,69.7
26.3,6149,9.8,67.6
22.2,480,3.4,46.2
24.8,4665,9.8,77.5
23.3,537,4.5,59.2
27.1,7207,8.6,72.1
25.9,6206,10.9,75.1
24.1,6488,8.2,73
22,2245,10.4,74.7
26.4,2487,11.3,70.4
27.1,18000,10.5,81.4
25.7,5271,10.4,73.9
24.8,1489,4.3,63.7
24.9,2066,7.2,63.6
21.7,631,3.8,64.5
26.8,6684,7.6,77.3
27.6,9587,7.5,75.4
27.4,4884,9.4,74
26.9,2720,11.6,71.3
26.1,40421,11.5,81.3
26,5463,10.7,75.3
21.5,1347,5.6,67.5
27,1916,6.4,73.2
22.7,33011,11.8,82.6
24.9,21188,8.8,76.3
24.7,6022,6.8,72.1
23.7,905,3.7,58
25.5,7451,11.1,74.2
25.4,45939,12,80.3
25.4,43195,11.8,80.1
27.5,7938,8.4,78.7
26,43637,12.4,80.6
26,3522,9.2,69
27,16594,12.6,78.2
23.2,2018,2.3,67.9
22.7,6983,5.4,53.6
25.4,4529,10.3,73.2
26.2,3678,9.3,76.9
28.7,39850,5.8,73.5
22.1,747,2.1,56.4
30,1535,7.9,67.3
21.4,319,2.7,58.6
29.1,3042,6.3,65.7
22.5,2845,4.5,52.2
26.8,31718,12.6,81
27.4,3591,6.6,71.9
25.8,5436,10.7,73.8
26.8,3308,5.8,70.5
28.6,54213,13.3,78.7
25.7,5629,10.4,72.6
26.5,8814,7.6,75
26,24361,9.5,83.1
26.3,5577,8.4,69.3
25.5,21296,5.6,72.6
26.1,5969,7.5,72.5
22.4,2589,4.5,51.1
20.7,487,3.2,58.4
23.2,1176,6.4,58.7
26.4,34227,11.2,79.3
22.5,31431,10.7,81.1
25.5,7937,6.5,72.6
27.6,16095,7,72.9
25.6,3028,9.8,67.8
26,5881,7.4,72.3
26.3,9215,7.4,74.7
26.4,2466,11.3,71.2
26.4,11656,12.1,77
26.2,2215,11.3,69.2
26.1,8158,7.9,77.9
26,2993,5.2,68.9
21.8,780,2.2,52.8
31.7,3817,9.8,69.9
22.8,296,2.1,54
23.7,8016,7.7,75.9
25.3,2247,9,74.6
26.4,11245,8.2,76.3
26,7950,11.4,66.7
26.7,26020,11.5,79.4
20.7,9011,3.9,64.7
25.8,6881,8.7,75.4
26.8,36178,10.9,72
23,2555,2.2,64.5
26,7427,8.9,75.7
22.4,684,1.6,54.9
29.5,29870,7.1,75.1
25.8,39351,9.5,78.1
26.3,12550,10.1,75.7
27.6,9800,7.4,74
21,456,1.3,50.9
28.4,51996,13.2,78.4
24.2,3011,5.1,71.1
25.7,8275,11.6,74.8
26.9,43596,13.1,81.9
20.1,310,1.9,56.2
26.6,13825,8.9,73.1
24.1,4782,6.7,61.4
26.3,2315,11.3,70.3
23.4,15906,5.5,55.3
25.4,2630,9.5,67.4
27.7,48727,12.7,76.8
25.8,2912,9.1,68.1
22.2,963,4.3,64
26.9,9097,8.7,72.4
22.5,1685,5.2,46.8
22.9,4319,7,73.6
26.6,10956,9.8,73.1
26,15402,9.3,75.7
20.5,1020,4,66.3
22.3,354,2.7,58.8
25.9,4819,8.4,74.1
25.9,5089,8.2,68.3
22.7,1150,2.4,64.3
28.9,3473,6.7,70.5
21.8,1847,4.4,47.1
25.6,29980,10.1,83.1
26.1,14890,12.1,76
25.3,4043,7.8,75.7
26.7,43137,12.2,79
26.4,3060,5.7,69.7
23.9,1247,5.2,54.6
26.6,3953,9.7,78
24.2,1344,6,57.1
24.9,1146,6.1,51
21.2,425,2.7,53.6
25,76785,12,81.2
22.3,480,3.2,52.3
20.8,539,3.3,60.3
23.5,578,3.8,56.4
25.6,6816,7.7,68.3
23,3111,5.8,51.4
22.2,821,5.4,59.9
21.6,675,3.1,66.7
28.4,20628,9.5,74.7
21.7,1606,6.3,68.6
26.9,16607,12.4,78.1
25.7,96270,10.7,78
24,1248,5.3,55.1
26.5,24798,10.5,78.5
26,5834,11,75.1
25.7,4439,8.1,73.5
23.6,791,3.4,57.2
26,5867,7.8,76.1
22.7,2981,7.6,69.9
26.5,5374,8.8,53.4
26.4,14264,13,74.3
26.6,14070,11.6,75.7
25.7,33530,9.5,81.5
27.7,35916,12,80.9
23,2404,5.2,50.9
23.8,5164,7.7,74.2
25.8,6460,10.5,73
21.9,459,3.2,44.4
24.9,1791,4.4,71
24.3,1339,4.6,59.8
25.5,44299,11.9,81.1
24.9,4209,6.4,69.4
23.6,819,3.5,57.4
21,361,2.4,49.9
23.8,1768,6.9,62.1
27.1,18134,9.8,79.3
26.9,9233,9.4,77.1
28.3,20176,9.5,74.4
26,6069,8,76.3
26.3,7154,8.1,71.6
23.2,3298,5.8,50.6
22.4,522,4.1,53.9
23.6,2283,3,66.1
25.5,4216,8.3,76.4
29.6,10280,8.7,75.4
23.4,6832,3.2,71.7
26.2,3407,11.4,74.1
21.6,610,4.4,51.7
26.7,26182,11.3,79.2
21.9,320,2.3,56.8
31.7,3967,10.1,69.9
23.4,1291,6.8,43.2
25.6,92528,10.3,77.9
26.1,13987,9.2,75.8
21.3,491,1.3,52.6
28,10141,7.6,74.3
25.4,1871,4.9,69.5
26.4,6433,9.8,67.7
28,57624,8.8,78.3
22.7,1948,5.2,48.3
22.8,1261,6.1,59.9
24.5,962,5.4,43.4
22,2109,7.3,67
20.1,1295,5.8,73.4
25.4,22336,8.4,75
25.3,3816,7,71.2
26.6,14285,9.2,76.5
20.6,307,1.8,49.1
26.8,4620,9.3,66.4
22.8,381,4.4,62
22.2,661,1.6,53.2
24.2,1258,4.8,63.2
21.9,683,3.8,66.2
26.2,13525,9.2,76
25.4,3353,9.9,65.7
25.8,2877,6.6,68.8
26.9,44121,12.8,79.6
25.6,966,10.3,68.5
25.6,30258,10.3,82.7
27,16951,12.8,78.8
27,7029,8.6,72
22.2,587,4.3,51.4
24.7,1870,3.5,69.2
26.1,14205,12.4,74.8
27.2,3447,6.5,71.4
26.6,2255,11.1,69.6
22.6,1197,4.9,65.8
22.1,821,4.2,68.8
22.8,808,5.1,58.6
26.3,5622,12,70.4
25.5,4841,7.3,74.1
21.4,488,2.9,57.1
24.4,556,10.6,64.5
31.9,4043,10.9,70.1
23,2499,6.3,62
22.5,1168,4.8,65.4
28.9,2984,5.3,64.9
26.6,15158,9.5,74.3
23.4,2387,2.3,68.8
25.8,2099,5.1,70.7
22.3,1061,2.4,58.7
23,3605,6.3,70.8
25.5,45193,12.1,81.5
25.7,18833,8.9,81.1
22.7,2472,1.7,62.9
26.4,9593,8.2,71.1
23.1,617,2.7,55.1
22,1068,6.5,52.6
22.4,724,2.2,57.2
28.1,33246,10,76.5
21.6,306,2.9,60.1
27.9,34580,9.7,76.1
26.6,11937,11.5,73.7
22.7,370,4.4,59.9
20.1,828,3.7,55.3
25.7,31185,9.9,82.2
26,19868,8.3,75.9
21.3,629,2.9,65.8
25.7,5148,10.4,74
25,36205,11.2,82.2
27.1,21560,10.3,80.4
25,3966,7.8,66.1
22.9,2286,5.2,50.4
26,2603,8,68.5
26.9,53543,12.4,81.7
28.5,4782,9.9,73.3
20.7,1186,4.4,67.2
20.1,934,3,61.9
26.5,5329,8.2,73.5
25.6,6488,7.7,68.1
23.3,6153,7.4,74.7
25.9,5344,10.5,74.8
23.5,2348,3,66
22.7,590,3.5,57.2
25.5,7607,11.4,74.5
26.4,7075,11.8,74.6
22.8,3391,6.9,73
25,35826,10.6,80.8
26.7,17047,12.2,77
22.7,588,3.4,52.9
28.8,62733,9.9,79.5
22,639,1.4,58.9
23.7,1087,4.3,62.7
24.9,6939,7.6,72.6
26.3,10539,11.7,71.4
27.3,13896,9.8,75.6
26.4,43139,11,77.1
23.1,2603,6.3,62.6
22.6,689,1.6,56.9
31.3,3790,9.1,69.7
21.6,573,3.3,62.1
24.8,2068,8.6,65.1
25.5,10915,7.5,73.3
27.3,1532,5.8,74.4
25.7,7849,10.6,71
25,35214,10.4,80.2
28.2,979,5.1,69.9
22.2,2289,7.9,67.7
28.2,35496,10.3,76.9
21.8,582,1.4,57.1
23.9,1284,4.3,58.7
22.4,707,1.9,54.2
21.9,1048,4.6,67.9
25.5,2472,3.9,47.5
25.7,982,10.4,69.1
25.3,6977,7.4,72.6
25.6,4512,8,67.5
29.3,3015,7,66.3
27.4,16619,9.9,78.5
29,1541,7.1,64
25.1,22112,8.4,75.6
25.4,4638,6.7,74.5
26.4,40069,14,80.5
26.3,4107,9.6,65.7
21.7,1503,6.1,68.3
26.4,4326,7.2,72.7
25.8,39148,11.1,79.4
26.3,15547,12.3,76.8
25.8,18062,9.2,75.4
27.6,3706,6.6,72.4
26.8,13630,9.9,77.8
26,6428,10.6,73.5
22.5,544,3.4,54.9
26.1,11400,9.7,75.2
27.1,11583,6.3,71.7
24.7,2059,7.4,62.5
23.5,7553,3.3,72.4
25.7,2622,6.5,68.4
26.7,3630,6.5,53.6
27,4337,5,69.1
23.2,780,3.6,52.8
23.2,593,2.8,56.1
23.5,1559,4.4,53.6
24.5,1396,4.7,60.1
22.2,501,4.1,53.7
27.4,34229,10.9,72
26.8,1761,6.1,72.7
27.1,18026,10.8,72.2
31.4,4012,9.9,71.4
23.7,863,3.6,57.7
23.6,850,7,46.5
23.7,634,4,59
28.9,4164,10.3,74.1
26.2,12893,12.2,72.4
20.3,674,4.3,66
26.4,2069,10.9,68.3
26.4,8058,8.3,72.9
23.1,948,5.8,63.1
29.4,30857,6.9,75
25.2,7385,8.1,64.9
21.7,341,2.5,49.6
22.1,1067,1.9,57.8
26.1,3099,11.2,73.6
25.5,35943,10.2,78
26.8,25466,11.6,79.6
26.7,6668,7.5,76.9
26.8,49382,11.7,78.9
25.3,2980,5.2,73.6
23.3,1715,6.7,44
26.9,5500,10.7,72.3
23.8,1136,4.4,63.4
23.2,2687,6,53.1
24.3,5840,7.6,76.1
25.7,2851,9.2,75.4
26.6,8671,10.9,74.9
23.3,14620,5.4,54.8
25.3,34064,8.3,73.1
26,3060,5.1,42.7
28.2,2830,5.6,69.4
22.4,1321,6.8,59.7
22.2,1135,5.6,52.4
25.1,1371,5.1,62.1
21.8,669,3.7,65.4
26.1,50947,11.9,82.1
22.5,516,2.9,47.5
29,62785,9.8,79.6
25.1,82678,13.3,82.7
22.5,1239,5.9,56.1
26.1,3875,10.1,69.1
22,455,3.3,44.7
25.7,7653,7.6,73
23.9,7662,6.5,57.8
24,1283,3.2,61
25.7,19250,9.1,81.1
21.9,753,3.9,62.7
25.2,4012,7.6,75.4
22.9,845,5.1,59.5
25.8,5468,7.5,75.7
22.5,692,4.8,54.3
24,1237,4.6,62.6
23.4,554,4.7,59.6
27.1,45386,12.1,80.2
28,3849,9.6,72.1
25.5,44055,12.1,81.3
26.3,23018,10.1,78.1
25.8,40290,11.1,79.8
26,6423,10.7,72
24,754,4.4,61.2
26.3,2450,11.3,70.8
22.3,700,2.1,56.8
25.9,8204,7.7,69.6
26.2,20747,12.2,80
25.1,6896,6.2,71.2
22.7,280,2.1,53.7
22.3,655,1.6,54.1
24.6,1446,5.1,68.3
27.8,37219,12.1,81.4
27.7,17385,7.1,73.1
22.8,566,2.3,53.1
26.9,42316,12.8,81.6
25.3,9033,6.3,77.7
24.9,1120,6.1,49.9
24.3,1243,4.8,63.5
27.5,18384,10.8,72.9
24.3,1585,3.4,61.6
21.2,306,2.5,55.7
28.4,38663,10.6,77.3
26.2,11240,12.3,73.1
20.6,1104,4.4,66.8
21.7,1939,10.2,73.1
25.6,8259,6.7,73
26.4,2004,10.6,68
27,10945,8.5,79.1
25.9,14488,11.2,74.7
25.5,17302,11.5,76
26.5,9725,8.1,78.4
27.4,14010,6.8,72.2
27.3,9214,8,75.3
24.9,2077,3.9,61.7
25.1,3282,8.1,71.5
26.5,12796,12.7,74
25.5,1656,9.9,68.7
26.2,20157,11.7,80.1
21.5,1112,4.2,61.1
25.3,1560,9.8,68.4
25,8248,9.8,74.5
25.8,19365,8.3,80.5
25.2,1846,4.6,71.5
31.2,3949,9.7,70.9
25.1,3957,7.4,75.2
21.7,554,1.4,56.4
22.2,578,2.3,50.7
22.7,2433,8.9,69.8
24.9,34015,10,79.2
22.5,359,4.3,55.6
25.4,13793,9,74.6
25.5,7016,7.4,72.9
22.2,2115,5.7,53.1
24.3,510,10.6,63.7
23,3128,4.8,57.2
28.1,4148,9.7,72.4
25.4,7138,10.8,78.4
27.1,6232,9.8,60.1
26.6,28810,12.3,80.2
25.7,19110,7.4,77.7
26.2,51233,12.2,82.9
25.8,10790,7.7,72.1
23.1,708,2.6,59
27,10129,5.9,71.2
21.2,371,4.5,54.4
24.4,3050,5.8,71.9
25.7,1420,10.7,67.7
23.7,968,3.8,58.3
25.8,34490,11.2,77.9
23.1,1397,6.3,63.4
25.6,2415,7.6,66.9
22.4,847,5.7,61.4
25.9,9407,11.7,72
25.3,5981,9.9,71.6
21,625,3.5,62.2
25.5,23244,8.3,74.4
26.7,13433,8.4,76.8
27.2,8484,6.2,73.2
27,6183,9.9,58.9
26.7,8727,9,76.6
20.8,463,5.5,60.8
26.4,3903,6.4,72.9
23.4,753,2.8,59.6
28.6,53395,13.3,78.6
31.7,4012,10.2,72.1
21.8,1325,4.4,62.7
26.5,47997,11.8,80.2
22.7,1255,6,58.8
23.6,53300,11.4,82.2
22.5,504,4.2,54.2
23.9,2384,4,62.2
27.6,17691,6.7,72.6
26.6,3624,6.3,51.7
20.4,731,3.7,59.5
25.1,7350,8.1,64.3
20.6,769,4.5,67.8
27.1,19401,10.3,80.7
25.9,2697,10.9,72.7
21.6,1868,6.7,65.8
23.7,1290,4.9,66.1
20.7,1752,6.8,74.5
27,42772,13,81
25.1,2242,4,72.4
26.8,10237,8.3,78.8
25,6905,6,70.8
27,11710,12,75.6
25.2,1961,8.8,74
22.9,2580,6.2,61.4
26.6,8556,8.8,76.4
25.2,13220,8.9,74.2
24.2,468,10.6,62.8
25.3,1827,4.8,69.2
29.3,1493,7.5,65
22.2,346,2.6,58.3
24.7,1585,5.6,69.4
21.8,610,3.7,61.9
26.5,6213,12.1,73
26.4,3781,9.7,77.6
22.9,2543,2,64
27.4,9209,7.3,73.8
23.8,1444,8.2,58.4
25.8,966,10.6,69.3
26.9,1851,6.3,73
26.3,45865,11.9,79.6
26.7,6544,5.5,70
23.9,1357,5.1,66.6
22.9,1572,2.3,66
25.2,4432,10.3,73.2
26,44467,12.3,80.5
28.5,63002,8.4,79.1
26.4,5130,8.3,73.3
25.4,3640,9.7,72.3
23.2,1575,3.8,50.6
23.1,5129,7.1,74.1
24.2,1306,5.9,56.6
24.2,5685,7.6,75.7
23,2867,9.2,70.5
22.3,202,2.1,51.8
23.8,1266,4.2,58.3
26.1,20102,8.6,76.1
26.4,5215,10.7,70.9
25.6,33752,9.3,81.3
25.3,4462,10.3,73.2
26.1,12154,8,73.2
27.1,18240,9.3,78.2
21.1,354,4.1,52.9
21.2,974,4,59.4
22.6,33532,11.2,82.3
25.8,8702,6.9,73.6
25.9,9749,11.8,75.2
26.2,4098,6.9,75.7
26.8,2589,11.6,71
25.8,4805,8.4,73.8
23,1840,2.3,66.7
24.9,3057,7.2,74.8
27.5,53845,9.1,75.4
28,61583,8.4,78.1
21,480,5.9,62.9
26.9,9327,7,73.3
25.9,41522,11.9,78.7
26.7,6677,7.5,76.4
21.1,469,6,63.4
21.6,1416,5.8,67.9
23,330,2.1,55.1
20.6,828,3.9,64.2
20.5,638,3.8,61
25.5,44869,12,81.2
25.4,3903,7.1,71.5
22.5,956,2.7,56.9
23.6,7533,7.6,75.6
22.4,1279,2.3,62.7
26,17459,12.2,72.8
23.9,1774,6.9,62.8
24.6,5726,6.6,72
22.7,526,3.2,61
22.8,2484,9,70
25.7,3336,9.9,68.2
22.6,366,4.3,57.2
25.9,42802,12.4,81.5
26.6,13428,11.4,75.2
26.4,4174,9.5,65.9
23.3,556,3.6,63.4
28.9,4805,10.5,74
25,739,11,67.9
22,409,2.9,50.6
24.9,5183,9.9,77.7
25.4,6299,10.1,71.9
22,647,1.4,59.5
23.8,4684,7.9,50.2
25.4,6202,7.7,67.8
20.9,1913,8,74.7
25.6,19486,6.6,73.9
25.8,2790,6.6,68.7
19.9,1170,5.4,73
26.2,4685,10.6,70.2
24,1255,5.5,55.6
25.2,4234,6.5,70.9
29,32035,6.8,74.4
24.3,7504,6.9,58.2
26.4,5938,12,70.6
28,4052,6.4,68.6
25.3,3718,9.5,71.7
22.9,570,2.4,53.6
28.6,37169,6.1,73.4
24.9,2217,8.8,65.5
23.8,1323,5.1,66.4
25.2,2588,9,66.4
26.1,105290,11.8,81
27.4,32244,10.9,72.1
26.5,6625,7.5,75.5
22.3,1176,2.3,61.8
20.9,471,5.6,61.2
25.8,21143,8.1,75.2
23.8,13422,5.5,56.6
26,5346,9.8,75.5
25,39185,9.2,78.6
25.8,35011,11.7,78.3
25.8,2755,9,68.5
27.4,14072,9.8,75.8
27.1,18124,10.3,80.6
23.7,1193,3.9,61.5
26.9,53226,12.3,81.5
22.3,314,3.8,50.6
22.6,365,4,49.4
27.9,18496,8.1,73.5
26.5,1675,5.7,71.7
25.2,40785,11.3,78.5
25,1737,4.6,67.8
25.5,3320,3.5,69.8
28.8,2964,5.1,64.7
25.9,48886,12.4,81.7
27.5,7643,8.5,78.8
25.3,42377,11.6,79.8
25.2,2295,4,73
25.8,2364,10.9,72.6
22.8,1077,6.2,57.4
28,18203,8.6,73.8
25.8,3651,10,68.6
26.6,12986,9.7,73
22.1,287,3.3,46.8
26.2,25779,9.3,81.5
22.2,183,2.1,51.2
26.4,6713,7.5,74.5
26.4,35016,11.5,79.5
22.6,2849,7.6,69.5
24.1,3079,4.8,70.8
27.1,3335,7.1,71.2
26.1,49192,11.5,82.9
29.4,1429,7.6,65.2
22.7,562,2.3,52.7
25.2,40651,9.8,79.2
26.9,43635,13,81.8
25.3,3419,9.6,72.2
24.9,2066,3.8,71.1
25.8,2749,4,42.7
23.3,6544,3.1,71
21.1,302,2.4,54.2
22.7,2305,9,69.7
22,2062,5.5,52.1
22.7,738,2.4,57.9
26.5,20890,12,80.8
26.2,10260,10.5,72.3
22.1,323,2.5,57.8
25.8,49540,12.4,81.8
27.6,4908,9.6,74.1
28.3,36996,10.5,77.1
24.4,1803,3.4,60
25.1,4025,7.9,66.4
24.9,6789,5.8,70.5
26.2,25026,8.5,79.6
28.8,1506,6.9,63.4
26.1,41008,11.7,81
23.9,11283,5.5,57.4
26.3,6203,11.2,76.5
22.4,2750,10.9,75.3
25.6,19448,6.8,74.2
25.2,2144,8.7,74.3
25.5,4391,8.7,76.6
27.7,16559,10.5,78.8
22.9,558,3.4,62.1
31.2,3672,9.1,69.7
25.3,4403,6.8,74.3
25.9,2178,5.2,71.3
27.7,56916,8,77.6
24.6,631,10.5,66.1
27.9,3909,6.3,68.3
22.7,782,5,57.7
20.8,516,3.3,59.3
25.6,33150,9.1,80.8
26.4,13701,8.8,74.3
22,2022,4.4,48.4
26.8,50462,11.8,79.2
25.3,7352,6.3,71.9
28.6,4521,9.9,73.6
24.8,6788,5.6,70.1
20.4,708,4.4,66.9
22.7,705,2.1,56.1
27,23929,10.1,79.9
23.5,48753,11.2,81.5
21,514,5.9,62.5
26.7,9838,8.4,78.6
20.4,722,3.8,60.2
25.8,5393,7.2,71.8
26.2,27026,9.2,81.2
25.7,1980,5,70.4
25.9,69327,12.2,79.4
24.8,2046,3.7,61.1
22.8,450,4.3,55.6
22.6,1911,5.1,65.7
22.7,1143,2.4,63.6
21.3,313,2.6,57.2
22.7,34961,12.5,83.8
25.8,34441,8.5,74
24.2,6089,9,63.5
26,10943,9.7,75.5
22.9,2173,5.2,49.9
23.7,1435,8,56.9
25.7,5551,11,66
25.2,8955,9.1,74.2
26.7,4862,9.6,75.4
25.9,2875,5,75.7
23.5,41799,10.5,80
25.9,21575,11.8,78.6
27.9,50036,12.8,77
27.6,35252,11.9,80.7
26.4,5260,8.3,74.1
23.4,1185,3.3,60.4
22.8,1074,4,63.5
25.5,10626,11.8,70.3
26,2959,11.1,73.3
26.2,15067,12.3,76.1
31.3,4062,9.8,71.2
26.2,2231,10.9,69.9
28.7,63234,9.2,79.4
23.7,3982,6.2,55.2
27.4,8201,8.3,78.7
22,332,2.4,57.3
24.5,912,5.5,42.9
26.2,10659,12,71.1
26.4,16342,12.5,76.6
25.5,4397,7.1,73.4
22.9,1219,2.9,66.7
29.2,1531,7.3,64.5
25.5,4405,10.2,72.8
27.6,2610,4.8,68.6
26.6,12080,9.5,77.2
22.3,634,4.4,52.9
26.6,25630,10.7,78.6
20.2,857,3.7,56.5
22.6,536,3.1,49.4
26.2,16257,12.5,76.3
25.6,2572,3.6,44.4
27.1,4426,9.5,66.6
26.4,7190,8.1,71.6
25.9,3601,8.2,73.7
27.1,17796,10.4,81.3
27.8,40755,9.6,76
28.7,3381,6.4,70.2
26,8979,11.4,68.5
26.1,2528,11.2,68.2
22.5,523,3.3,53.9
25.4,4096,7.1,76
21,584,2.6,64.2
25.4,20625,5.3,72.1
27.8,58542,8.1,77.8
29.8,10094,8.9,75.6
26.1,8677,8,73.1
21.7,843,6.1,46.3
22.7,468,4.3,55.1
22.2,1215,6.6,55.7
26.8,4987,8.8,74.1
22.4,943,2.7,56.4
20.8,334,3.5,50.7
26.2,2599,11.3,68.3
25.9,7805,8,77.6
26.8,43928,12.4,79.2
26.1,6176,8.1,76.5
25.8,2789,5,75.5
27.8,10101,7.3,71.9
25.2,4132,7.6,75.7
25.9,978,10.5,70.1
27.2,6274,10,62
26.9,4535,9.3,66.4
22.6,1878,5.2,47.7
22.5,2149,8.8,69.2
21.9,637,1.5,51.3
24.6,1433,3.9,62.8
26.5,10389,9.2,74.3
25.2,9182,6.2,77.4
22.7,364,4.1,50.1
25.9,2902,4.5,42.5
25.9,34883,12.1,78.2
24.2,9119,4.3,75.1
26.6,17334,9.9,71
27.2,17254,9.3,78.3
26.1,104574,11.8,80.6
25.1,8550,10.1,74.7
25.5,19716,6.4,73.4
22.7,757,3.3,52.4
27,33678,12.7,81.7
25.8,100293,11.1,79.1
27.4,3515,5.7,68.4
23.8,649,4.1,59.6
22.3,2675,11,75.2
24.3,7044,7.8,73.4
24,6286,8.4,72.8
21.4,345,3.2,60.4
25.1,35640,10.9,81.7
26.1,2693,8.3,69
26,2144,11.2,68
23.3,4412,7,72.1
26,13679,11.4,74.9
23.6,1419,6.7,61
24.7,3752,6.9,73.1
25.3,41450,11.5,79.1
25.8,1919,10.6,67.8
25.4,32964,8.7,80.1
26.8,8910,9.2,76.9
22.4,1088,4.7,64.9
22.7,1848,3.3,49.6
25.5,44196,12.1,81.2
27.2,35052,11.7,79.9
22.9,857,5.5,60.5
25.3,4543,6.7,71.3
26.2,5568,8.4,69
21.9,729,2,56
25.6,4124,8.1,73.2
23.9,4282,6.3,58.1
25,82998,12.9,82
26.7,6738,8.4,71.8
27.1,9115,7.9,78.4
26.3,10964,12.5,73.5
24.2,3004,5,70.9
25.8,4725,7.2,73.9
27,2732,11.6,71.5
25.8,2514,7.8,68
26.4,3273,7,72.6
27.1,19948,10,79.6
24.9,3172,7.2,74.9
23,1175,4.5,64
23.6,2501,2.8,69.7
26.8,41155,12.6,81.2
25.9,9679,8,74.9
20.7,426,5.3,59.7
26.6,6783,8.3,71.8
25.6,907,10.7,69.6
20.7,306,1.9,49.9
24.6,1763,3.4,68.7
27.4,13794,7,72.2
22.7,34240,12.2,83.3
26.4,13262,11.9,73.9
25.6,19068,7,77.1
23.1,2449,6.3,63.1
21.9,965,6.4,49.8
23.5,4012,6.1,52.6
26.7,50948,11.9,81
23,1107,4.8,51
28.4,3126,6,69.8
24.7,1944,3.6,60.8
21.6,1172,4.2,61.6
26.1,8919,11.5,72
26.9,17189,8.1,78.3
26.6,5655,8,75.3
21,342,3.9,52.1
25.4,4647,7,70.8
26.2,25311,8.6,79.6
26.9,16762,12.5,77.9
27.1,1423,5.1,74
27.2,14200,9.8,75.4
21.1,399,2.5,51
26.5,34244,8.8,74.9
22.6,712,2,57.4
24.2,4897,6.7,62.1
26.3,3802,4.7,72.6
22.2,871,4.5,69.2
21.6,808,6.1,45.4
25.5,1910,4.9,69.8
26.9,1341,4.6,73.1
26.5,13909,9.2,76.3
25.3,3193,9.4,71.6
26,1423,9.3,67.2
26.5,11194,9.3,77
26.6,7934,8.4,72.7
26,8929,8,75.2
26.6,15834,9,77.4
24.5,5674,6.4,71.8
26.4,4434,9.3,75.1
24.1,1286,4.4,59
25.7,1290,10.8,71.4
26.2,4996,7.5,55.1
27.6,51197,9.3,75.6
26.2,9358,7.8,70.7
21.1,302,2.4,54.9
27.2,3739,12.6,72.4
26.8,42064,12.4,80.7
20.1,286,1.8,55.2
23.3,1558,3.9,51.1
26.1,5048,7.3,74.5
25.9,42711,12.4,81.2
22.9,1179,2.8,66.4
27.5,9299,7.2,74.9
25.8,3881,6.4,74.9
27.1,35122,10.9,72
25.3,3251,3.7,69.1
27.6,16188,10.5,78.7
25,40457,10.8,78
21.9,750,5.2,56.1
26.5,12022,8.4,76.4
26.2,105584,12,82.2
25,81805,12.6,81.7
26.6,10053,8.4,78.5
22.6,751,2.3,57.6
26.9,6085,10,57.7
25.4,34291,8.3,73.1
26.5,10232,9.3,76.8
24.4,874,5.4,42.6
26,2632,10.7,68.7
26.7,6060,9.1,54.5
27.1,1982,6.5,73.4
25.8,5496,9,73.9
25.8,4934,7.7,74.1
24.7,996,5.6,45.1
25.9,21458,7.7,75.4
29.1,3472,6.8,70.7
22.6,1041,6.1,57
22.7,31651,11.4,82.9
26.1,24635,9.5,82.4
26.1,25403,9.5,82.5
26.8,11780,11,76.8
21.2,517,3.9,46.2
25.6,4648,10.2,73.4
26.5,12960,11.1,75.2
22,403,2.3,39.4
27,8687,7.9,78.2
26.8,16506,12.4,77.4
22.3,1876,7.9,68.9
25.1,4376,6.7,70
21.5,1923,10,71.3
26.8,22514,11.9,80.2
25.6,7245,10,70.8
22.6,944,2.8,57.4
20.8,453,5.4,60.3
22.5,1029,3.3,62.8
23.3,1596,4,51.7
25.4,6809,7.4,72.8
25.7,37884,9.3,77.5
29.5,1409,7.8,65.5
25.5,4850,10.1,72.6
22,1105,4.7,68.3
25.8,1445,5.1,69.5
24.8,3947,7.8,65.5
20.3,414,2.3,60.6
25.8,4266,9.9,66.7
26.2,11985,12.1,70.9
25.8,5619,11.4,65.4
24.3,3085,5.4,71.4
21.7,542,3.5,61.6
25.8,19986,7.8,78.5
26.8,14086,8.4,76.9
26.5,2346,11.3,71.2
26.7,47731,11.6,78.5
25.3,51567,12.8,80.1
22.2,611,4.3,52.1
23.7,4495,7.7,50.3
22.1,2398,10.5,74.9
27.1,22071,11,81.7
25.2,1476,9.7,68.1
25.8,5354,10.6,74.5
26,42412,12.2,79.7
25.1,39636,9.4,78.7
25.9,7896,7.7,69.2
22.9,729,2.3,57
26.4,12790,10.3,75.9
21.7,482,1.7,60.1
25.6,4446,10.5,65.5
27,11537,11,77.1
22.6,33990,11.3,82.5
20.7,758,4.4,62.5
26.6,73650,12.5,82.1
23,468,4.3,56.8
27.7,4736,10.2,69.5
20.8,1833,7,74.6
20.4,490,2.4,62.5
23.6,1769,4.7,54.9
21.8,641,1.4,49.5
27.7,10226,7.7,75.8
25.5,44028,11.9,80.5
23.1,2574,2.3,64.9
21.3,417,1.4,55
24.6,1888,3.5,60.5
21.6,659,1.8,50.3
25.1,8384,8.6,73.9
25.8,3240,7.1,73
29,3023,6,65.5
20.3,796,3.7,57.2
23.8,1445,8.2,59.5
25.5,32998,8.8,80.2
27,43100,12.9,80.9
24.7,1037,5.8,46.2
28.3,54300,12.9,78
25.6,1976,5,70.1
23.2,2688,5.9,52.7
26.2,6693,10.9,74.9
25.4,7357,11.1,73.7
23.7,1432,7.9,55
25.7,46766,9.9,81
27.1,24922,11.2,81.9
26,1775,11.9,70.2
20,259,1.7,54.2
26,39970,11.4,80.6
27.5,35655,11.8,80.4
22.6,740,3.3,51.7
23.5,36710,9.8,79
25.8,13734,11.1,74.2
20.9,570,2.5,63.6
31.9,4108,10.9,70.2
27.7,32652,11.1,72.4
23.3,1465,6.3,64.8
23.8,1249,5.2,54.2
20.3,862,3.4,64.8
26.5,36024,11.7,79.7
26.3,12047,11.8,73.6
25.8,2062,10.8,72.5
21.5,1185,5.2,71.2
26.1,36699,13.6,79.1
25.2,2266,4.2,62.6
31.6,3875,9.2,69.8
21.8,993,4.5,67.5
22.7,711,2.4,57.9
25.3,4028,7.7,75.8
23.9,1343,4,60.1
26.1,2322,11.2,68.1
25.6,2477,3.7,45.8
26,3860,10.1,68.9
26.6,37086,12,79.9
26.3,8606,7.9,78.1
20,1230,5.6,73.2
26.3,19922,11.7,80.3
26.2,11369,12.3,76.7
21.7,321,2.4,49.3
22.4,2018,8.6,69
26.9,32657,11.6,78.8
20.9,375,1.4,47.7
24.4,1348,4.8,66.9
26.4,47127,11.8,79.9
26.5,6517,11.3,76.4
20.9,575,3.4,61.2
24.2,7507,6.8,57.9
23.5,44160,10.1,80.1
27.3,4683,10.1,66.9
27.1,18084,10.6,81
24.4,1624,8.3,63.3
20.2,1372,6,73.7
25,3371,7.3,75.1
26.8,16369,9.2,77.8
21.7,1253,4.3,62.2
26,35065,8.6,74.4
27.1,20558,10.3,81.4
25.3,1913,4.6,71.8
25.1,82800,13.4,82.7
24.5,602,10.5,65.3
21.4,1130,5.1,70.9
22.5,2078,8.7,69.1
26.4,1102,10.8,70.4
26.4,6712,7.5,75
26.6,4687,9.5,75.5
23.9,4986,8.3,52.1
26.1,8755,11.5,68.8
26.3,10170,8,75.8
25.6,9641,10.3,73.6
27.4,36363,11.8,80.2
26.3,4340,9.1,75
27.1,4946,9,74
26.4,3036,8.7,70.3
22.1,903,4.1,63.5
25.7,11426,10.8,73.9
26.7,5426,10.8,71.8
24.3,1801,3.4,59.7
31.8,3769,10.7,70.1
26.1,2999,5.3,69.2
27.4,62012,12.3,81.5
26.6,38573,12.2,80.2
24.3,1592,8.2,62.9
27.1,11544,11.1,77.5
26.3,3701,6.8,72.5
25.1,80262,13.3,82
21.4,518,1.3,53.3
24.8,1109,6,48.7
25.9,5631,7.6,75.9
25.3,2473,4.2,74
25,38843,9,78.1
27.5,12339,9.8,79
21.4,432,1.4,55.8
26.7,3262,6.4,70.3
25,34900,10.3,80.2
25.9,1466,5.2,69.9
25.6,5309,7.2,71.3
26.1,4231,8.7,74.4
29.2,33455,7.2,74.7
31.1,3955,9.5,70.6
27.5,57910,8.9,75.2
25.6,1787,10.1,68.9
27.3,11933,11.2,77.3
27.1,19574,10.2,80.2
26.3,17097,12.6,77
27.2,35863,10.9,72
23.6,4569,7.6,50.6
22.2,2543,10.6,75
25.4,43592,11.8,79.7
22.5,2950,10.8,75.4
31.8,3742,10.4,70
24.8,8074,9.4,74.1
26.2,1529,5.4,70.9
25.8,1856,10.8,72.3
26.1,6918,8,71.4
20.2,870,3.7,55.9
20.7,809,4.6,68.2
22.8,381,4.4,61
26.5,1121,10.8,70.7
23.1,2597,5.9,52.2
25.4,42655,11.7,80.3
25.6,4968,10.2,73.6
26.3,2207,5.5,73.8
25.5,5007,7.1,71
22.3,1298,6.7,58.5
26.9,31679,9,75.2
20.2,363,2.1,58.5
24.4,1402,4.9,67.4
25.2,84776,13.4,82.9
26.5,3856,9.7,77.8
28.9,1537,7,63.7
29.7,1415,7.9,66.4
24.1,1278,5.7,56.1
22.7,2025,5,66.1
26.5,3995,6.3,73.3
24.5,3490,6.5,72.1
26.6,2103,11,69.1
25.7,12362,11.9,71.3
29.1,63039,9.8,79.8
20.6,488,5.2,58.5
28.8,3485,6.5,70.3
25.2,3944,7.9,66.7
25.1,752,10.9,68.4
24.9,1524,4.3,63.9
26.1,9824,11.5,69.5
24.2,1842,3.3,59.5
23,574,2.5,54.1
25.4,22258,8.4,74.8
26.5,73047,12.7,81.8
21.8,2037,10.2,73.8
25,3304,8,71.1
24.6,1417,3.8,62.5
22.3,1160,5.7,53.5
28.8,2895,4.8,64.6
26.4,39888,11.8,78
26.3,11107,11.6,73.3
27,55255,12.6,82
26.9,16952,9.2,77.9
22.6,468,4.2,54.6
26.9,14541,8.5,77
24,5531,7.7,75
26.8,3101,12.2,71.5
28.5,4644,9.8,73.4
23.5,1224,5.1,52.3
26.5,5308,8.4,74.1
25.4,2251,7.3,65.9
26,3880,9.3,68.9
27,17747,8.5,78.5
21.9,678,1.5,50.4
21.5,2315,7.9,75
22.8,1326,6.1,61
27,17914,9.2,78
24.7,3760,7,73.5
25.1,49600,12.8,77.1
24.9,7809,9.6,74.3
21.2,1093,5.2,65.8
23.5,1081,4.2,61.4
27.3,16784,9.4,78.4
23.4,1175,5.1,51.9
25.9,2065,10.7,68.2
24,7647,6.6,57.8
26,34620,12.5,78.4
24,1206,4.5,64.7
21.8,273,3.1,45.2
25.2,1706,4.7,68.5
22.5,696,1.6,55.6
27.5,16232,10.5,78.6
26.2,27219,9.1,80.9
28.2,10174,7.7,74.4
25.8,7155,11.7,65.9
26.2,3029,5.5,69.4
26.7,50333,11.7,80.8
25.6,19026,6.9,76.8
20.5,654,3.9,62.2
24.9,1313,9.2,67.4
24.8,699,10.5,67.4
26.9,42846,12.9,81.7
22,814,5.4,58.1
26,20428,12.1,79
23.8,1224,3.9,59.1
25.6,15122,9.1,75
25.7,2662,3.4,43.4
25.4,16241,11.6,75.4
26.3,16553,12.6,77.1
24.8,749,9.9,68.7
25.1,8647,8.9,74
27.3,35625,11.7,80
23.4,1240,6.5,59.7
21.8,163,2.2,56.3
26.9,51625,11.9,79.6
25.9,1338,9,67
20.9,345,2.3,48.6
26,8445,7.7,69.9
23,686,2.5,58.7
26.1,28748,12,79
25.3,1774,4.8,68.8
24.2,5899,8.9,61.9
25.2,7206,6.2,71.5
25.9,35456,8.5,74.2
26.8,2374,11.4,70.6
22.7,1410,2.3,64.5
23.7,1602,3,66.1
20.6,761,3.9,63.7
27.3,2352,5.5,68.6
22.5,1338,6.9,61.7
20.7,501,5.2,59.1
25.7,5706,7.7,71
26.3,10511,11.7,72
25,49470,11.4,76.8
24.5,5534,6.2,71.7
26,5589,11,75.3
25.5,3868,8.7,72.9
26,2232,5.3,71.6
26.5,41598,12,78.4
24.8,1470,4.1,63.4
26,39929,11.2,80.6
26.6,5414,8.5,73.7
25.2,6601,10.8,78.3
27.1,20566,10.5,80.7
25.1,831,10.1,68.2
25.7,38426,10.7,79
25.3,3937,9.9,71.8
25.4,16737,11.5,75.8
21.8,628,1.5,51.2
25.3,2186,7,65.3
27.6,17032,6.8,72.8
29.6,2907,8,67.3
25.5,2631,4.4,74.7
25.6,4819,10.4,73.4
27,11470,12.2,75.1
22.1,906,2.6,55.4
26,2867,6.7,69.3
28.8,4770,10.5,73.8
30.8,3590,9.2,69.8
24.1,739,5,46.2
23.5,34599,9.5,78.6
24.8,2054,7.3,63.1
26.2,9521,11.9,70.7
25.7,10198,7.6,71
27.3,8434,8.1,78.6
21.7,738,2.1,51.9
25.9,40152,11,79.7
25.3,4305,6.9,70.5
24.2,6705,9.1,65
20.9,440,1.2,50.5
26.7,34097,8.9,75
24.3,6896,9.2,66.3
27.1,44596,12.7,81.3
28.8,55675,13.3,78.8
23.5,2053,3.8,69.6
25.7,97598,10.9,77.7
27.1,10714,9.5,77.9
21.4,867,3.9,65.4
25.8,48851,10,81.5
21.6,481,3.5,61.3
25.9,6289,10.6,73.4
26,7323,11.4,65.5
25.6,67438,12,78.6
26,5157,9.8,75.2
21.4,657,1.6,48.9
23.9,713,4.3,60.7
22.3,2384,1.2,60.7
26.9,11547,11,76.9
23.7,626,4,58.2
25.5,42175,9.4,79.7
28.2,20250,9.4,74.3
24.6,3593,6.7,72.6
23.3,1316,3.8,57.1
25.8,5910,11.4,65.1
29.4,3167,7.4,66.6
23.1,1124,4.9,51.2
22.5,2720,7.4,69.2
27,55724,12.6,82.1
28.6,3291,6.2,70
25.2,41281,9.9,79.3
26.2,4208,8.9,74.4
25,36468,10.7,81.1
32,3932,10.3,72.5
23.1,3169,4.9,58.1
25.7,4730,9,76.9
23.4,6592,7.5,75
23.4,1088,3.3,60.3
20.5,596,2.5,64.5
22.6,732,2,55.3
25.6,3283,6.5,72.9
26.6,12496,8.4,76.6
21,932,4.8,69.5
26.9,5992,10.1,56.5
23.3,1182,3.1,60.1
22.6,576,3.8,48.6
26.6,5588,8.9,53.4
26.5,5324,7.9,75.1
25.2,2965,5.1,73.4
24.9,34152,10.1,79.3
26.4,6109,9.4,75.5
27,31164,9,75.3
26.5,44919,11.2,77.6
21.8,442,3.1,44.2
20,1075,2.8,59.9
22.9,1567,3.5,49.6
24,715,4.9,47.7
27.3,18441,10.8,72.6
22.3,1093,2.4,59.3
26.1,6694,10.8,74.3
27.1,45405,12.8,81
25,36183,11,82
25.8,18655,8.5,80.4
24.1,747,5.1,44.9
25.8,3621,4.3,70.8
26,14526,11.6,75.1
22.1,364,2.4,40.4
22.9,331,2.1,54.7
26.2,11973,8,73.1
24.8,3828,7.2,73.9
21.8,484,1.8,60.6
27.1,21222,10.8,80.7
28,2699,5.3,69.1
27.7,12386,7.3,71.9
26.3,3607,11.6,74.5
26.3,9502,7.9,70.9
27.7,9280,8.6,75
22.1,577,2.3,50.4
26.7,4570,9.2,66.3
28.4,59091,9.2,78.9
20.9,897,4.8,69.1
22.4,1931,8,68.9
24.9,8733,5.5,76.7
21.6,655,4.6,52.8
27.1,35649,10.9,72
24.7,7850,8.8,73.9
23.2,519,4.4,58.7
25,2398,9.9,64.4
26.7,16197,9.1,77.7
26.3,5024,10.7,70.6
26.8,16161,12.3,77.1
26.5,6111,12,72.5
26,112418,11.7,79.4
25.8,9962,9.8,74.7
21.6,1248,5.2,71.5
22.1,1485,4.5,63.8
21.1,398,1.3,52.7
28.1,18568,8.9,73.9
24.8,74013,11.4,79.7
26.5,8454,8.1,73
26,8966,7.1,73.9
23.9,1559,4,61.4
23,888,5.5,61.4
25.7,5324,11.3,65.5
23,996,2.8,59
22.5,1353,2.3,63.6
26,2817,6.8,69.4
25.8,4420,7.4,72.3
23.8,2411,4.3,70.4
26.4,23603,10.2,78.3
23,1382,6.2,62.7
26.3,1907,10.4,67.8
23.2,3207,4.9,58.8
22.6,2251,8.9,69.4
25.2,2131,7.1,64.8
25.7,16786,9.2,75.2
22.7,3463,10.9,75.8
25.9,7889,10.6,73.3
22.4,472,2.7,44.5
26.1,8942,7.7,70.5
25.8,2184,5.1,72.8
26.8,6076,5.6,70.6
26,16608,12.3,73.8
24.8,74705,11.6,80.2
25.5,865,10.7,69.3
23.1,386,2.1,55.9
25.4,4112,7.9,75.9
24.1,5654,7.5,75.4
21,411,1.2,52
26.8,22682,12,80
27.2,60716,8.3,74.3
26.2,9248,7.4,74.5
26.7,2754,11.4,70.9
20.6,701,3.9,62.7
22.4,328,3.9,52.2
22.7,1765,3.3,49.5
26.1,14586,12.5,75.4
26.7,42097,12.4,80.5
24.9,22079,9,76.5
26.8,5506,10.7,72
25.9,5772,7.3,72
26.1,4294,10,69.4
27.4,4275,10.1,68.8
23.8,1777,6.9,62.4
20.9,334,3.7,51.4
26.1,9094,11.4,67.9
25.9,10083,8,74.7
22.4,1196,5.8,54.7
25.8,8593,11.2,71.3
21.6,892,4.4,66.6
26.2,5749,8.6,75
23.4,1319,6.6,60.2
26.7,11971,9,74.6
24.7,6243,7,72.3
24.1,1261,4.7,62.9
27.3,15614,8.7,77.4
21,898,4.7,64.1
26.6,45523,11.4,78.1
22,1405,4.4,63.3
26.5,4531,9.4,75.4
26.2,18611,9.3,76.6
26.3,4803,7.8,73.1
20.3,919,3.3,63.9
26.3,5204,11.9,70.4
25.5,9601,10.1,75.3
31.6,3839,9.4,69.9
27.8,49095,12.7,76.9
27,12398,9.3,75.1
22.6,1039,3.5,63.1
21.9,623,1.4,58.4
22.6,2310,9,69.5
26.7,19312,8.8,78.4
24.8,6316,7.2,72.4
27,3357,12.2,71.8
22.2,441,2.5,41.4
27.8,18670,7.8,73.4
21.3,1078,5.1,70.6
24.6,3851,7.7,65.2
23.2,1009,3,59.8
22.4,213,2.1,52
27.8,3588,9.5,71.7
25.8,7550,7.7,68.9
23.7,1686,6.8,61.7
25.5,18795,6.8,76.3
23.5,671,2.9,59.9
26,8640,11.4,67.6
25.1,5386,9.7,71.3
28.7,54831,13.2,78.7
27.6,13539,7.3,72
22.5,2558,6.6,72.1
32,4160,11,70.3
24.1,1884,3.3,59.3
20.4,933,3.5,65.6
22.6,732,2,55.7
20.2,335,2,57.3
22,384,2.9,50.4
25.5,44391,12,80.7
25.5,22698,8.4,74.6
27.9,13495,10.3,79.6
25.5,34927,8.4,73.3
26.5,41103,14.1,80.6
25.9,101222,11.3,79.4
26.8,12919,8.9,74.8
26.2,15693,12.5,76.2
23.5,39857,10.2,79.5
25.6,5231,10.2,72.6
25.2,41601,11.5,79.8
22.5,673,1.6,56.3
25.1,41117,11.4,79.6
26,5023,7.3,74.3
25.9,2038,10.5,69.4
22.4,2194,6.5,71.4
25.1,1644,4.7,68.2
22.4,393,2.9,59.4
26.1,4016,6.8,75.6
22.8,760,2.6,59
28.8,4275,9.9,73.9
26.4,3304,5.7,46.6
31,3897,9.4,70.4
25,1349,9.4,67.6
23.3,1220,6.5,59.2
21.7,1832,4.4,46.5
21.8,730,3.3,67.6
22.6,2047,5.9,57.5
26,24772,9.7,83.2
26.1,10437,12.1,75.7
24,722,4.4,62.3
27.9,19118,8.3,73.6
28.5,4730,10.5,72.6
22.9,2988,4.7,56.3
23.4,1616,4.1,52.3
26,5339,8.3,68.6
26.3,2939,8.5,69.9
26.5,2901,12.1,70.8
25.3,53255,12.5,80.7
26.8,21105,9.3,78.8
26.2,3179,5.4,44.2
26.4,11747,11.1,73.1
21.3,1016,4,59.9
22,751,4,67.5
22.4,663,4.5,53.6
23.9,5182,7.5,74.6
26.3,11283,10.9,72.6
24.1,5642,8.9,60.2
26.2,75624,12.6,80.4
23.1,346,2.1,55.5
27,24073,10,79.4
22.1,1157,5.4,51.1
26.1,2759,6.8,69.7
26.1,4018,8.5,73.8
21.6,437,1.5,58.1
22.7,32942,11.5,82.8
27,1326,4.8,73.4
19.9,276,1.6,52.6
25,3797,6.2,70.8
26.9,36548,10.9,72
23,1186,3,59.6
20.3,772,3.7,57.9
28.1,4828,10.4,70.6
25.3,6942,11.3,78.4
29.6,2815,8,67.2
21.5,656,1.7,49.3
28.3,2971,5.8,69.6
25.3,2402,4.1,73.5
24.7,1952,8.5,64.7
26.4,14556,9.8,70.4
26.1,9476,11.7,70.1
21.6,540,1.3,54.8
27.1,18522,9.8,79.4
27.3,8451,6.3,73.6
26,6899,10.9,71.7
24.9,7286,7.8,72.6
25.2,9260,9.1,74.4
25.6,49145,12.5,80.9
22.8,1190,3,59.5
22.7,3062,6.8,72.7
25,8124,8.5,73.3
22.9,3694,10.9,76.1
26,3501,10.7,69.3
26.9,10747,5.6,70.9
24.3,3091,5.3,71.2
25.2,53936,12.5,78.2
25.4,2381,9,74.8
24.9,2345,9.9,64.1
25.2,3240,3.8,68.7
23.5,3875,6,51.6
21.4,1061,4.1,60.5
27.3,11200,9.9,78.6
25.9,3298,9.2,75.9
26.2,4842,6.4,72.1
27.1,7739,6,72.4
26.6,42337,12.1,78.7
29.3,32136,6.7,74.9
22.2,1132,5.5,51.6
22.5,2360,6.5,71.7
23.5,33598,9.2,78.3
22.4,502,3.2,53
26.1,5461,9.1,74.7
21.5,654,1.8,49.8
27.3,4627,9.8,66.8
26.9,9748,9.6,77.4
25.9,2195,5.2,71
22.6,4454,5.4,53.3
26.1,7815,9,75.9
27.2,8896,7.2,73.6
22.6,745,4.9,55.9
25.9,3570,4.6,71.1
28.1,33997,10.2,76.7
21.2,465,1.4,48.1
26.1,4930,8.8,56
25.5,6387,7.7,67.9
27.2,4524,9.6,66.7
24,8110,3.6,74.1
22.6,473,3.1,60.5
26.2,28107,12.1,79.4
22.7,1143,2.4,62.9
28.5,4628,6.6,69.7
24.4,3298,6.3,71.6
22.2,1831,7.6,68.8
28.4,4794,6.6,69.4
27.9,1347,6.3,70.6
21.6,295,2.2,48.9
26.2,1081,10.7,70.2
26.2,10264,11.6,70.6
22.1,479,3.4,45.6
22.3,514,3.5,46.7
24.9,3994,7.8,65.8
25.5,2679,4.3,63.5
26,7626,10.7,73.5
26.4,27311,12.2,79.6
26,1011,10.6,69.6
23.6,55647,11.5,82.7
26.6,2614,11.3,70.7
22.4,346,4.1,53.9
26.7,39776,12.3,80.3
28.3,4631,6.6,69.1
25.8,19224,7.5,78.1
21.1,1015,4.9,64.9
22,791,4,68.4
26.4,72195,12.8,81.3
26.6,4559,9.3,66.2
24,5612,8.5,55
25.8,5576,9.2,74.4
22.3,940,2.7,56
22.9,3518,6.1,70.6
25.6,2063,4.8,72.3
25.5,44243,12,81.1
26.8,42037,12.7,81.4
21.5,390,5.2,56.4
26.5,11797,11.3,73.2
25.5,2679,6.5,67.6
20.7,561,2.4,62.3
28.5,52963,13.2,78.5
22.8,1679,3.4,49.5
26.3,13803,9.2,76.1
20.2,654,4.1,65.4
27.8,3860,6.2,68.2
26.4,4301,9.4,66
23.2,1177,2.8,59.9
27.5,8879,8,75.1
25.1,1390,9.5,67.9
25.3,3529,8.4,72.2
23.2,1239,4.4,64.7
26.3,2330,12.1,70.5
22,826,4,63.1
22.2,926,2.6,55.7
25.9,53646,10.3,81.5
26.1,8276,11.3,72.1
26.1,5201,9.8,75.8
31.5,4083,10,71.7
26.6,12578,12.1,77.5
26.5,8077,8.4,72.8
26.7,2388,11.1,70.1
27,54108,12.5,81.9
22.9,3217,7.8,70.5
26.3,27493,12.1,79.5
25.7,19941,7,74.6
25.6,30242,10.2,82.5
25.6,7694,11.4,78.6
24.6,948,5.9,44.1
24.5,7301,7.2,59.2
25.2,821,10.2,68
22.5,717,1.9,54.8
22.2,1086,2.3,58.2
21.7,940,4.4,67
27.5,13025,7.1,72.1
24.1,434,10.6,62
22.3,1687,4.8,64.8
22.6,33558,11.4,82.6
23.2,501,4.4,58.1
25.5,2522,9.1,75
23.9,2569,4.5,70.6
21.5,325,2.8,59.1
20.8,311,2,50.8
26.2,12336,8.1,73.2
23.2,1430,6.3,64.1
26.5,6229,9.1,75.8
28.1,4218,6.6,68.8
26.1,2696,6.8,69.9
23.4,16439,5.4,55.1
25.6,1481,10.6,66.8
26.4,2564,12.1,70.6
25.7,37761,10.5,78.9
25.9,17771,9.3,75.5
20.5,650,3.8,61.6
21.7,701,2,51.4
26.8,13113,9.9,77.6
26.2,2160,5.6,73.6
23.2,2599,2.5,65.3
25.1,3192,3.8,68.3
22.5,2427,1.5,61.8
25.9,4893,7.3,74.1
26.7,27155,11.2,78.9
25,1367,5,61.7
26,3432,9.3,76.2
23.7,4826,7.5,73.8
23.4,4604,7,72.5
26.8,8703,6.8,74.7
22.5,225,2.1,52.3
25.1,3691,7.4,75.3
21.3,457,2.8,55.3
24.9,73556,11.8,80.5
25.5,3923,7.3,71.7
26,1538,9.6,67.4
28,4898,10.3,70.3
22.7,2103,6,58.5
21.5,460,2.9,44.2
26.6,14978,11.9,75.9
22.1,1163,4.7,68.6
20.4,1557,6.4,74.1
25.5,9222,10.1,73.4
27.1,3597,12.5,72.1
27.2,12721,11.8,75.6
26.8,32925,8.9,75.1
22.6,520,3,48.5
23.2,590,2.8,55.6
26.1,106544,11.8,80.6
27.1,11090,8.5,79.2
26.1,8382,11.5,68.7
20.8,1234,4.5,67.5
22.9,2740,9.1,70.3
24.4,1510,3.5,61.8
26.1,6605,10.7,74.2
26.9,22186,9.8,79.2
22.3,2407,4.4,50.2
27.3,50010,12.3,81.3
21.3,2217,7.8,75
29.5,2923,8,67
26.1,5505,8.3,68.8
26,48194,10.6,81.9
25.7,32229,9.8,82.2
21.9,708,4,66.9
21.3,381,4.8,55.1
23.5,1091,6.8,43.9
21,954,4.8,64.5
25.2,53687,12.8,78.1
28.9,39777,6.5,74
26.4,2228,5.8,74.1
23.3,540,3.7,54.4
23.5,44602,10.5,80.8
26.2,4693,10.2,70.2
21.9,603,1.4,57.8
23.2,536,3.7,53.6
24.6,6846,7.3,59.9
21.6,2438,7.8,75.1
29,34800,6.6,74.2
27.4,18167,10.8,72.8
27.3,3529,6.7,71.7
23.5,43333,10.5,81.2
21.8,725,5.2,55
26.8,11314,11.9,74.2
25.9,5302,9.5,74.8
26.3,3736,9.6,77.3
25,5808,10.1,77.9
24.5,1814,3.5,60.2
26.2,8736,8.1,73
26.6,16056,10,72.8
27,35456,10.9,72
24.9,4853,9.7,71.2
22.2,1108,2.3,60.9
25.4,3671,8.6,72.6
25.7,19239,11.7,77.6
25.1,14070,7,73.9
20.8,578,2.5,62.9
25.9,10669,9.2,69.4
22.8,377,4.2,50.9
21.7,688,4.8,53.9
25.5,20702,5.9,73
26.3,75044,12.7,80.6
27.2,8878,7.6,75.3
22.8,1133,2.4,64.9
24.8,1097,5.9,47.4
26.2,9464,8,75.6
23.4,1239,4.7,65.3
26.2,9622,11.8,70.6
26.4,2460,11.3,70.9
23.1,770,3.5,52.2
31.6,4219,10.2,71.9
26.3,6797,10.9,74.5
23.6,1637,4.5,54.3
25.3,51173,12.7,79.1
26.9,17700,10.7,71.7
24.9,74138,11.7,80.4
22.1,496,4,53.6
21.6,641,1.3,48.8
25.7,5163,7.4,75.4
22,667,1.6,51.2
23.5,7056,7.5,75.3
22.6,362,4.3,58.6
24.9,3856,6.7,74.3
26.4,5203,8.8,53.7
25.2,4257,6.6,74
27.2,9143,8,75.3
21.3,1162,5.3,66.2
25.6,10178,10.4,73.6
27.1,6285,9.9,61.1
27.1,11265,6.1,71.5
22.3,834,5.5,60.7
21.1,696,3.5,63.1
23.7,2287,4.2,70.2
25.7,1422,10.7,71.8
25.8,69106,12.1,79
25.9,1833,10.6,68.2
26.4,20454,11.9,81.1
24,740,4.4,61.7
25.6,11417,11.9,70.9
20.9,845,4.7,63.7
23.1,1909,2.3,67.3
25.7,9428,9.8,74.5
27.1,56707,12.8,82.4
25.5,5339,7.6,70.8
29.5,3563,7.1,71.3
21.5,774,5.9,44
21.8,879,6.2,47.4
25.7,8169,6.8,73.3
25.6,36617,10.4,78.1
24.9,7508,8,72.9
26.1,9829,10.3,72.3
26.2,1770,10.1,67.7
23.5,1687,4.2,53
25.1,51836,12.8,77.8
27.5,4014,12.7,73
27.2,58422,8.4,74.5
26.7,30863,11.6,78.6
27.1,18205,9.3,78.1
24.3,836,5.3,42.7
26.5,40563,11.9,78.1
22.9,1105,6.3,57.8
20.8,797,4.6,63.3
25.6,43288,9.6,80.7
22.5,31476,10.8,81.4
26.1,1984,12,70.3
20.5,556,2.5,64
25.7,3169,6.8,73.4
25.6,3494,5.9,74.4
26.2,5996,11.2,76.2
29.4,10148,8.4,75.3
23.4,554,3.8,55.4
26.1,3689,5.3,71.9
26.5,4339,9.3,66.2
22.8,2013,5.2,48.8
23.9,4421,6.4,59.4
23.3,1144,5.1,51.5
25.9,2856,6.7,69.1
26.2,10797,10.6,72.6
22,653,1.5,51.9
26.8,24217,11.8,79.8
24.8,2848,7,74.4
26,110095,11.7,80.5
25.2,3910,7.5,75.5
26,2751,6.8,69.6
26.6,14672,9.4,73.2
27.9,31699,11.1,73.1
26,11074,9.3,69.7
26.5,9168,8.4,71.2
26.3,105462,12,82.3
23.9,1228,4.4,62.2
25.9,6370,11.4,65
25.9,46213,12,79.3
25.8,19670,8.1,79
28.2,4341,9.7,72.6
26,8488,11.5,68.4
23.9,12927,5.5,57
26.4,12679,11.7,73.9
23.6,685,3.1,60.2
26,49527,10.5,81.8
26.4,13554,9.2,76.2
29.3,3490,7,71.1
28.4,53854,13.2,78
28,7590,7.3,72.1
26.3,8005,10.9,74.4
27,7961,7.8,77.9
22.5,2269,5.9,56.6
25.5,45990,12.4,80.5
21.5,443,1.4,57.3
26.6,1630,5.9,72.2
24.9,49242,10.7,76.6
23.1,1139,6.4,58.2
27.3,13386,6.6,72.1
20,980,2.9,60.9
26.7,31208,12.5,80.5
26.3,6030,8.8,75.3
26.5,15383,10,70.7
24.6,8522,4.9,75.9
27.5,3636,6.5,72.2
22.2,295,3.6,49.1
25,49542,12.1,76.9
28.8,56763,13.3,78.7
26.1,3577,9.3,76.6
25.7,6581,11.5,66.1
21.4,316,2.6,57.9
21.3,420,1.3,54.2
26.5,13163,12.9,74.1
24.7,8893,5.2,76.3
26.6,11765,8.3,73.1
25.6,8806,9.4,72.8
27,42488,13.2,80.4
27.1,13551,9.8,75.3
27.6,13789,9.8,76.1
27,10210,9.5,77.6
24.4,1462,3.6,62
25.9,105614,11.5,79.3
22.4,2595,7.4,68.9
26.8,6171,9.7,55.4
27.2,1486,5.4,74.3
28.2,53738,12.8,77.7
25,7305,8.1,63.6
27.8,1773,6.3,71.3
22.9,3125,5.6,52.2
23.8,2753,3.1,70.4
21.7,470,1.7,59.5
23.1,6982,3,70.2
27.4,7942,6.5,74.1
25.6,3795,9.9,66
22.5,501,2.8,46.5
29.3,3085,7.2,66.5
22.5,717,4.8,55.1
23,3795,6.5,71.1
25.9,3836,6.9,75.2
21.1,1321,4.5,68.2
28.1,973,5.6,69.8
21.1,973,4.9,69.9
27.1,34310,11.6,79.5
26,49855,12.3,82.3
20,272,1.7,53.3
22,279,3.3,46.1
26.8,23408,11.9,80.4
26.2,5138,8.1,74.1
28.8,4221,10.1,74
25.8,1567,11.7,69.9
27.4,9181,8,75.2
25.2,2787,9.9,65
26.7,27447,11.3,79.1
25.5,35675,10,77.7
21.3,555,4.2,48.3
24.5,3043,5.9,72.1
25.7,2755,4.8,75.2
22.9,313,2.1,54.3
28.2,60927,9.6,78.6
25.5,2314,7.1,66.4
22.8,2140,5.1,66.5
21.1,603,2.7,64.7
24.1,5838,8.6,56.7
22.8,2090,5.2,49.4
26.2,5181,11.3,70.5
27.2,8174,6.1,72.8
22.5,552,2.3,51.9
26.9,41929,13.1,80.1
26.3,10700,11.5,72.9
23.6,50714,11.2,81.7
24.6,6635,7.4,60.6
28.6,4734,10.5,73
24.7,718,9.8,68.6
29,2949,5.8,65.3
25.4,44891,12.3,80.5
27.1,8801,7.4,75.2
20.9,418,1.2,51.3
26.5,3513,6.1,49.9
27,17653,8.6,79.3
23.5,13841,5.5,55.6
26.1,5982,11.1,76
27.7,1701,6.3,72.1
22.1,655,1.6,52.5
25.5,7379,11.2,78.5
26.4,9630,9.3,74.1
26.1,74190,12.5,80.3
27.5,16505,10.5,78.5
21.5,554,3.2,60.6
20.4,687,4.3,66.4
20.9,1271,4.5,67.7
25.8,3301,7.5,73.2
31.5,3899,9.2,69.8
28.8,41171,6.3,73.8
26.2,52952,12.2,82.5
26.8,19997,9.1,78.6
21.8,353,2.6,49.9
25.1,40914,11.1,78.3
27.2,4888,9.2,74
22.8,1146,2.6,65.4
23.5,571,4.7,59.9
26.9,10392,5.8,71
25.6,4049,7.1,71.9
27,1353,4.7,73.7
27.1,23286,11.1,82
31.4,4020,9.2,69.8
26.2,13552,9.5,70.2
26.9,13311,8.9,75
26,43564,12.3,79.9
26.2,26146,8.9,80.2
26.3,39229,11.7,77.7
26.2,105339,11.8,81.8
21.2,463,6.1,64.7
25,2411,8.9,66
26.6,49439,11.8,80.5
24,2922,4.6,70.7
27.3,3903,12.6,72.7
21.6,1880,10.2,72.2
25.2,22069,8.4,75.5
25.4,4299,7,73.1
26.4,17402,12.7,77.6
24.4,3163,6.1,71.1
26.9,3364,6.4,70.8
25.9,4811,9.9,66.9
23.6,4884,7.3,73.3
26,12702,7.9,73.1
23.7,2613,3.1,70
25.2,6759,11,78.3
26.2,25703,9.4,81.6
27.7,9283,8.4,74.9
25.7,5255,8.8,73.5
25.1,2881,4.9,73.2
25.5,4519,10.1,72.1
25.9,16155,12.2,72.7
22.9,2408,6.2,60.8
20.7,781,4.5,62.9
21.9,2035,7.2,66.6
22.8,750,2.6,58.4
22.8,512,3.3,61.6
26.2,5281,7.9,74.7
28.3,4679,9.8,72.9
25.8,19501,7.6,78.4
23.3,584,2.9,56.6
21.3,308,2.6,56.5
23.9,1154,4.4,64
25.9,39778,11.1,80.2
22.9,1129,4.3,63.7
23.1,3001,9.3,70.6
26.5,12059,11.3,77.6
26.7,2897,12.2,71.2
27,4532,9.4,66.5
26.4,13850,13,74.5
23.4,3681,6,50.9
22.6,250,2.1,53
25.7,3574,3.9,70.4
21.6,418,5.6,57.4
26.8,31745,11.6,78.7
23.3,1246,4.5,65
22.5,31416,10.9,81.6
21,2016,7.5,74.8
20.2,391,2.2,59.6
24.8,2363,9.9,63.8
22.6,1132,2.4,62.1
25,20982,8.4,76.1
26,7940,8,77.7
23.6,1183,3.7,61.1
22.7,33518,12,83.1
23.3,1559,6.9,43.5
25.3,44440,11.5,80.4
22.3,697,1.8,53.6
26.7,8969,10.9,74.9
26.5,3072,5.8,69.9
26.4,3356,5.9,48.1
26.5,28151,12.2,80.1
22.7,1056,6.2,57.2
25,2235,4,62
27.8,9665,7.5,74.1
25.2,1387,5.2,62.5
23,4712,7,73.8
25.7,4441,7.1,73.6
26.3,5116,8.5,54.3
22.3,463,3.1,51.7
27.5,32248,10.9,72.1
28.7,1554,6.8,63.1
26.4,4408,9.3,74.9
27.4,57932,8.7,75
22.8,8004,5.4,53.8
25.3,51832,13.2,80.3
24.8,1329,4.9,61.3
27.6,1629,6.6,72.9
25.7,3806,6.3,74.7
25.5,32897,8.9,80
30.9,3678,9.3,70.1
22.1,1134,6.5,54.1
20.6,1651,6.6,74.3
26.4,5225,7.9,74.9
25,36357,10.7,81.2
27.9,2665,5.1,69
26,73037,12.4,80
20.3,1462,6.2,73.9
28.7,10151,8.4,74.9
30.5,3059,8.8,68.7
25.9,10528,12.1,71.4
25.9,7037,8.8,75.6
24.1,5287,8.8,58.4
25.3,8889,10.1,74.9
24.4,3070,5.6,71.7
22.6,3048,4.6,53.2
27.9,38002,12.2,81.4
25.5,44522,12.1,81.7
21.6,724,1.9,50.9
22.3,1451,5.2,46.3
25.8,945,10.6,69.9
27.8,18683,7.6,73.3
24.3,1353,4.7,66.4
25.6,4993,7.3,75.2
22.6,2447,1.6,62.4
24.7,1454,4,63.1
26.6,5240,8.6,74.1
21.1,462,1.3,51.4
25.9,2086,5.2,73.1
26,39976,11.2,80.4
22.8,2423,6.1,60.1
25.7,6861,8.6,75.2
23.8,6393,8.6,72.6
26.1,23938,8.4,79
21.9,657,1.5,51.5
26.8,8601,8.6,72.5
21.2,411,1.3,53.4
23.2,990,2.8,59.6
27.6,35394,12,80.7
26.9,4889,8.9,74
27,8587,7.1,75.1
23.7,1973,5,56.1
22.4,1795,5,65.3
24.8,4549,9.9,71.2
25.3,51644,12.7,79.8
29.6,1366,7.9,65.8
26.3,11520,11.7,76.7
26.9,6965,8.6,71.9
20.9,303,2.2,52.5
22.2,2168,4.4,49.3
25,786,10,68.3
24.9,3966,6.5,73.2
23.1,989,2.8,59.3
23.1,1565,3.7,50.1
21.5,427,3.4,61
25.2,53345,12.9,78.4
27.2,8754,8,78.5
26.9,32505,12.6,81.6
22.8,3104,7.8,70.2
22.8,2994,4.7,55.4
25.7,3691,6.1,74.6
24.3,3111,5.9,70.6
21.7,599,3.8,63.4
21.7,1909,6.9,66
26.2,45559,11.9,79.2
27.2,3819,5.4,68.8
25.9,20640,7.9,75.7
24.9,3904,5.9,70.5
28.1,61522,9.2,78.4
21.2,465,6.1,65.1
23.8,1208,4.2,61.9
27.6,4448,10.2,69.3
27.1,56306,12.7,82.3
23.6,1262,4.8,65.8
26.3,8133,8.2,73
22,1146,5.3,50.9
25.7,5013,10.5,74
22.1,653,1.4,59.9
24.8,4419,9.8,77.3
23.6,609,3.9,57.4
27.1,6124,8.4,76.1
26.8,53339,12.3,81.4
25.3,4209,7,72.8
26.5,73179,12.6,81.5
21.4,1293,5.4,67.1
22.1,568,4.2,50.8
24.9,1995,3.7,70.4
27.6,9076,8.4,75
26.8,44576,12.6,79.4
25.4,4890,7.2,74.7
25.7,4682,8,67.8
27,48314,12,80.1
30.6,3268,8.9,69.1
25.1,2492,9.9,64.7
26.1,5121,8,74.1
27.8,9426,8.4,74.9
23.1,4038,6.7,71.4
22.2,448,3.1,51.3
26.3,4987,6.4,72.3
28.1,19813,9.1,74.1
25.6,6727,9.5,70.3
21.2,1333,4.5,68.5
22.3,1017,4.5,64.5
26.7,15949,12.1,76.5
25.6,43143,9.7,80.5
26.8,52539,12,81.3
21,403,1.4,47.8
26,3959,6.8,75.4
26.1,8600,7.7,70.2
26,1456,5.2,70.3
27.6,5391,10.8,67.1
26.1,1644,9.8,67.5
25.7,32058,9.7,82
26.5,40135,14,80.5
24.9,22677,9.1,76.6
25.4,11178,7.4,72.8
26.1,9008,8,75.4
26.7,18643,8.6,77.9
25.6,4518,9.2,76.7
26.3,34122,11,79.1
21.7,700,3.2,67.2
22.9,751,2.3,57.5
25.5,2478,6.5,67.8
24,2509,4.1,63.2
26,3780,8.4,73.9
21.2,401,2.6,52.2
20.2,913,3.1,62.9
25.9,3446,7.8,73.6
25.5,4959,9.1,72.3
21.9,481,6.2,58.8
26.3,2355,11.1,70.2
22,1018,6.4,51.1
22.4,1115,2.4,59.9
25.8,40044,9.6,78.4
23.7,7888,6.2,58.3
20.8,298,2.1,51.7
23.6,51680,11.3,82
22.2,697,1.7,52.8
24.2,785,5.1,43.8
32.1,4074,10.3,72.7
29.1,3013,6.5,65.9
25.6,2673,4.6,75
28.3,60799,9.7,78.8
25.8,9101,11.7,75.1
24.5,4106,9.6,76.7
26.5,6833,7.6,72.9
27.2,18151,10.8,72.4
27.5,1571,6.5,74.2
26.5,5505,7.4,72.9
25.7,1918,10.3,69.2
27.6,56865,7.9,77.5
26,4767,7.7,72.7
24.2,1287,4.6,65.9
23.4,1289,3.9,57.4
23.6,4044,6.1,53.8
23.7,1887,4.4,55.5
26.7,5885,8.1,75.5
27.5,8492,6.7,74.5
23.7,7788,3.4,73
27.9,57076,8.2,77.9
25.7,18819,7.2,77.2
23,3844,10.9,76.3
27,6218,8.5,75.9
25.6,4870,7.5,74.1
25.9,3335,11,72.9
26.1,11901,9.4,69.9
27,17165,8.3,78.7
25.1,3967,6.4,70.6
25,21057,8.4,75.9
21.2,484,1.3,52
20.5,641,2.6,65
26.3,11451,12.6,73.6
25,36653,11.5,82.3
25.2,3422,8.3,71.9
25.4,1981,4.7,72
26.6,2980,12.2,70.9
26.2,2831,8.4,69.5
21.7,554,1.3,55.6
25.6,6955,8.5,75.1
22.2,2403,7.1,68.1
25.7,3968,9.9,66.4
28.3,29952,6.2,73.1
24.9,75113,11.9,81.1
26.6,6517,7.5,76
25.7,8569,11.6,75
23.7,684,3.2,60.4
25.7,48544,12.2,81.1
25.6,9955,10.2,75.5
29.2,2966,6.7,66.1
26.5,16277,9,77.2
26.9,6644,5.8,71.6
26.1,8338,9.1,76.1
23.7,1304,4.1,58
25,6236,10.4,78
28.7,40977,6.2,73.7
25.8,6045,10.5,72.7
25.6,5055,10.7,65.8
32.1,4336,11.2,70.5
25.9,1668,11.8,70.1
25.6,3428,3.7,70.1
22,768,5.7,57.1
25.3,22423,8.4,75.2
28.2,4835,10.4,71.1
25.9,2893,6.6,69
22.8,3801,6.9,73.3
25,2109,3.9,71.7
25.7,4208,7.1,72.1
28.3,4729,10.4,71.5
23.5,1137,6.8,43.2
19.8,262,1.5,51.9
25.4,44451,11.8,81
22.6,557,3.1,50.2
27.2,6260,10.1,62.6
26.3,4095,7,75.9
26,11896,12.2,70.9
26.2,2112,12,70.5
26.2,4904,7.8,72.9
26.2,5679,9.8,67.4
25.4,4443,8,67.2
25.7,20230,7.3,74.9
26.2,104488,11.8,81.4
21.5,593,4.4,50.6
28,51485,12.8,77.5
28,1037,6.3,70
25.6,5427,7.6,70.9
22.3,469,2.6,43.5
23.8,6589,3.5,73.6
25.4,45139,12,80.1
27,33475,11.6,79.1
23.1,12908,5.4,54.4
25.4,4777,7,71.9
25.3,2305,4.3,62.9
22.7,953,2.8,57.8
25.4,3282,3.6,69.4
22.2,192,2.1,51.5
22.8,3553,10.9,76
25.1,3918,7.1,74.9
24.7,2288,9.9,63.6
27.4,11733,9.8,78.8
25.7,7310,7.7,68.6
25.8,19343,7.9,78.7
25.3,43938,11.6,80.2
25.1,21833,8.4,75.8
20.9,495,5.8,62.1
25.7,34850,8.4,73.8
25.5,4623,10.3,73.3
25.4,7561,6.4,72.3
23.5,1042,7,44.9
24.5,1422,3.7,62.3
26.6,3140,6,70.1
27.7,45389,9.4,75.8
21.8,754,2.1,52.4
25.4,823,10.8,69.1
22.1,2199,7.4,67.3
25.9,46359,12.2,79.6
25.4,3265,5.6,74
27.3,11447,9.9,78.3
26.6,29940,12.1,80.6
26.7,8862,6.7,74.3
27.5,5172,10.5,67
28.6,65129,8.7,79.3
23.6,1110,7.3,50.6
28.1,52790,12.8,77.5
22.2,460,2.5,42.4
26.4,8338,10.9,75.1
23.1,483,4.3,57.5
25.4,43335,11.8,80.6
25.1,83345,13.4,82.8
27.2,11148,9.4,78.1
23.9,680,4.2,60.1
28.4,4787,9.8,73.1
26.7,16739,12.2,76.7
25.6,35278,8.4,73.6
21.6,404,5.4,56.9
24.8,6593,7.4,72.4
26.6,12458,9.9,72.9
29.2,3468,6.9,70.9
25,4003,6.5,73.5
23.8,4817,8,50.5
27,3280,6.5,71
26.7,17318,10.1,72.6
23.4,2302,3,65.9
25.5,3351,5.8,74.2
26.5,12312,10.6,75
26.9,6373,5.7,71.1
25.8,4847,8.1,68.1
23.5,1281,4,57.7
22.7,2962,4.7,54.3
25.4,3097,5.4,73.8
22.3,560,2.3,51.1
24.2,1325,4.5,59.4
27.1,8927,7.1,73.5
26.2,15149,12.2,76.4
26.8,18604,10.7,71.5
19.9,942,2.8,59
24.7,6864,7.6,61.4
21.3,310,3.1,60.1
26.9,10559,8.4,78.9
27.6,12973,9.9,79.2
23.8,1053,3.9,58.7
24,2653,4.1,64.1
22.4,532,3.6,47.3
25.8,9944,7.7,72.7
29.9,1417,7.9,67
21.5,534,1.3,54.1
26.1,10731,9.1,73.6
27.2,2050,6.5,73.6
26,10157,11.9,75.5
24.8,22634,9.3,76.8
26.3,32992,8.7,74.6
25.9,39025,11.1,80
21.9,370,2.8,50.1
23.1,2501,5.7,51.8
21.1,936,3.9,58.8
27.4,4902,10.3,67
25.8,38785,9.4,78
22.7,34387,12.5,83.6
25.7,2617,8.9,68.9
25.6,5305,8.9,72.6
20.8,399,1.1,49.9
25.3,2515,9.1,66.9
21.9,2130,10.3,74.3
26.1,7424,11.1,71.8
26.1,48934,11,82.4
